{
  "Brownsville": [
    [],
    [
      "Notas",
      "Sublote ",
      100,
      "USD",
      "Adicional"
    ],
    [
      null,
      "Pickups + USV 3 Filas",
      100,
      "USD",
      "Adicional"
    ],
    [],
    [
      "Tarifas Terrestres",
      null,
      null,
      null,
      "Tarifas Terrestres",
      null,
      null,
      null,
      "Tarifas Terrestres",
      null,
      null,
      null,
      "Tarifas Terrestres",
      null,
      null,
      null,
      "Tarifas Terrestres",
      null,
      null,
      null,
      "Tarifas Terrestres"
    ],
    [
      "Estado ",
      "Ciudad ",
      "Monto ",
      null,
      "Estado ",
      "Ciudad ",
      "Monto ",
      null,
      "Estado ",
      "Ciudad ",
      "Monto ",
      null,
      "Estado ",
      "Ciudad ",
      "Monto ",
      null,
      "Estado ",
      "Ciudad ",
      "Monto ",
      null,
      "Estado ",
      "Ciudad ",
      "Monto "
    ],
    [
      "Texas",
      "ODESSA",
      900,
      null,
      "Florida",
      "THONOTOSASSA",
      900,
      null,
      "North Calorina",
      "RALEIGH",
      1000,
      null,
      "Ohio",
      "Fort wayne",
      1100,
      null,
      "Tennessee",
      "CHATTANOOGA",
      1050,
      null,
      "Massachusetts",
      "West Warren",
      1750
    ],
    [
      "Texas",
      "TAYLOR",
      550,
      null,
      "Florida",
      "MULBERRY",
      900,
      null,
      "North Calorina",
      "CHARLOTTE",
      1000,
      null,
      "Ohio",
      "GREENFIELD",
      1175,
      null,
      "Tennessee",
      "MADISONVILLE",
      1050
    ],
    [
      "Texas",
      "ANDREW",
      950,
      null,
      "Florida",
      "CLEWEISTON",
      900,
      null,
      "North Calorina",
      "CHINA GROVE",
      1000,
      null,
      "Ohio",
      "TENTRON",
      1175,
      null,
      "Tennessee",
      "KNOXVILLE",
      1050,
      null,
      "Tarifas Terrestres"
    ],
    [
      "Texas",
      "TYLER",
      580,
      null,
      "Florida",
      "OKEECHOBEE",
      900,
      null,
      "North Calorina",
      "CONCORD",
      1000,
      null,
      "Ohio",
      "CINCINNATI",
      1175,
      null,
      "Tennessee",
      "NASHVILLE",
      1020,
      null,
      "Estado ",
      "Ciudad ",
      "Monto "
    ],
    [
      "Texas",
      "AUSTIN NORT",
      520,
      null,
      "Florida",
      "DAVIE",
      900,
      null,
      "North Calorina",
      "MEBANE",
      1000,
      null,
      "Ohio",
      "CLEVELAND",
      1175,
      null,
      "Tennessee",
      "MEMPHIS",
      950,
      null,
      "Wisconsin",
      "CALEDONIA",
      1500
    ],
    [
      "Texas",
      "LUBBOCK",
      900,
      null,
      "Florida",
      "PENSACOLA",
      800,
      null,
      "North Calorina",
      "MOCKSVILLE",
      1000,
      null,
      "Ohio",
      "DAYTON",
      1175
    ],
    [
      "Texas",
      "ABELINE",
      800,
      null,
      "Florida",
      "TALLAHASSEE",
      800,
      null,
      "North Calorina",
      "GREENSBORO",
      1000,
      null,
      "Ohio",
      "AKRON",
      1175,
      null,
      "Tarifas Terrestres",
      null,
      null,
      null,
      "Tarifas Terrestres"
    ],
    [
      "Texas",
      "AMARILLO",
      900,
      null,
      "Florida",
      "JACKSONVILE",
      900,
      null,
      "North Calorina",
      "LUMBERTON",
      1050,
      null,
      "Ohio",
      "COLUMBUS",
      1175,
      null,
      "Estado ",
      "Ciudad ",
      "Monto ",
      null,
      "Estado ",
      "Ciudad ",
      "Monto "
    ],
    [
      "Texas",
      "MERCEDES",
      270,
      null,
      "Florida",
      "OCALA",
      900,
      null,
      "North Calorina",
      "GASTONIA",
      1000,
      null,
      null,
      null,
      null,
      null,
      "Missouri",
      "SOUTHER ILLINOIS",
      975,
      null,
      "Iowa",
      "Daveport",
      1450
    ],
    [
      "Texas",
      "DALLAS FORT WORTH",
      550,
      null,
      "Florida",
      "ORLANDO",
      900,
      null,
      "North Calorina",
      "ASHEVILLE",
      1000,
      null,
      "Tarifas Terrestres",
      null,
      null,
      null,
      "Missouri",
      "COLUMBIA",
      975
    ],
    [
      "Texas",
      "MCALLEN",
      250,
      null,
      "Florida",
      "CLEARWATER",
      900,
      null,
      "North Calorina",
      "WILMINGTON",
      1050,
      null,
      "Estado ",
      "Ciudad ",
      "Monto ",
      null,
      "Missouri",
      "SPRINGFIELD",
      975,
      null,
      "Tarifas Terrestres"
    ],
    [
      "Texas",
      "LONGVIEW",
      550,
      null,
      "Florida",
      "TAMPA",
      900,
      null,
      "North Calorina",
      "HIGH POINT",
      1050,
      null,
      "Michigan",
      "FLINT",
      1225,
      null,
      "Missouri",
      "SIKESTON",
      975,
      null,
      "Estado ",
      "Ciudad ",
      "Monto "
    ],
    [
      "Texas",
      "HOUSTON",
      450,
      null,
      "Florida",
      "WEST PALM BEACH",
      900,
      null,
      null,
      null,
      null,
      null,
      "Michigan",
      "KINCHOLE",
      1700,
      null,
      "Missouri",
      "ST. LOUIS",
      975,
      null,
      "Colorado",
      "Colorado",
      1300
    ],
    [
      "Texas",
      "CORPUS CHRISTI",
      350,
      null,
      "Florida",
      "FORT PIERCE",
      900,
      null,
      null,
      null,
      null,
      null,
      "Michigan",
      "LANSING",
      1225
    ],
    [
      "Texas",
      "WACO",
      520,
      null,
      "Florida",
      "FORT MYERS",
      900,
      null,
      null,
      null,
      null,
      null,
      "Michigan",
      "IONIA",
      1225,
      null,
      "Tarifas Terrestres",
      null,
      null,
      null,
      "Tarifas Terrestres"
    ],
    [
      "Texas",
      "AUSTIN",
      450,
      null,
      "Florida",
      "PUNTA GORDA",
      900,
      null,
      null,
      null,
      null,
      null,
      "Michigan",
      "MICHIGAN",
      1400,
      null,
      "Estado ",
      "Ciudad ",
      "Monto ",
      null,
      "Estado ",
      "Ciudad ",
      "Monto "
    ],
    [
      "Texas",
      "LUFKIN",
      520,
      null,
      "Florida",
      "MIAMI",
      900,
      null,
      null,
      null,
      null,
      null,
      "Michigan",
      "GRAND RAPIDS",
      1225,
      null,
      "Illinois",
      "Chicago",
      1175,
      null,
      "Maryland",
      "Baltimore",
      1550
    ],
    [
      "Texas",
      "SAN ANTONIO",
      450,
      null,
      null,
      null,
      null,
      null,
      null,
      null,
      null,
      null,
      "Michigan",
      "DETROIT",
      1225,
      null,
      "Illinois",
      "Peoria",
      1175
    ],
    [
      null,
      null,
      null,
      null,
      null,
      null,
      null,
      null,
      null,
      null,
      null,
      null,
      "Michigan",
      "WAYLAND",
      1225,
      null,
      "Illinois",
      "Matteson",
      1175
    ],
    [
      "Tarifas Terrestres",
      null,
      null,
      null,
      "Tarifas Terrestres",
      null,
      null,
      null,
      "Tarifas Terrestres"
    ],
    [
      "Estado ",
      "Ciudad ",
      "Monto ",
      null,
      "Estado ",
      "Ciudad ",
      "Monto ",
      null,
      "Estado ",
      "Ciudad ",
      "Monto ",
      null,
      "Tarifas Terrestres",
      null,
      null,
      null,
      "Tarifas Terrestres"
    ],
    [
      "Virginia",
      "HARRISONBURG",
      1250,
      null,
      "Louisiana",
      "HAMMOND",
      900,
      null,
      "Mississippi",
      "GULF COAST",
      600,
      null,
      "Estado ",
      "Ciudad ",
      "Monto ",
      null,
      "Estado ",
      "Ciudad ",
      "Monto "
    ],
    [
      "Virginia",
      "DANVILLE",
      1250,
      null,
      "Louisiana",
      "LAFAYETTE",
      600,
      null,
      "Mississippi",
      "HATTIESBURG MANHEIM",
      650,
      null,
      "Indiana",
      "DYER",
      1100,
      null,
      "Kansas",
      "KANSAS CITY",
      975
    ],
    [
      "Virginia",
      "FREDERICKSBURG",
      1250,
      null,
      "Louisiana",
      "BATON ROUGE",
      600,
      null,
      "Mississippi",
      "JACKSON",
      650,
      null,
      "Indiana",
      "INDIANÁPOLIS",
      1100,
      null,
      "Kansas",
      "Wichita",
      975
    ],
    [
      "Virginia",
      "HAMPTON",
      1250,
      null,
      "Louisiana",
      "NEW ORLEANS",
      600,
      null,
      "Mississippi",
      "GRENADA",
      700,
      null,
      "Indiana",
      "CICERO",
      1100,
      null,
      "Kansas",
      "KANSAS CITY EAST IAA",
      975
    ],
    [
      "Virginia",
      "RICHMOND",
      1250,
      null,
      "Louisiana",
      "SHREVEPORT",
      600,
      null,
      null,
      null,
      null,
      null,
      "Indiana",
      "CROTHERSVILLE SOUTH",
      1100
    ],
    [
      "Virginia",
      "RICHMOND E",
      1250,
      null,
      null,
      null,
      null,
      null,
      null,
      null,
      null,
      null,
      "Indiana",
      "SOUTH BEND",
      1100,
      null,
      "Tarifas Terrestres"
    ],
    [
      "Virginia",
      "PULASKI",
      1250,
      null,
      null,
      null,
      null,
      null,
      null,
      null,
      null,
      null,
      "Indiana",
      "FORT WAYNE",
      1100,
      null,
      "Estado ",
      "Ciudad ",
      "Monto "
    ],
    [
      "Virginia",
      "SUFFOLK",
      1250,
      null,
      null,
      null,
      null,
      null,
      null,
      null,
      null,
      null,
      null,
      null,
      null,
      null,
      "Arkansas",
      "LITTLE ROCK",
      900
    ],
    [
      "Virginia",
      "TIDEWATER",
      1250,
      null,
      null,
      null,
      null,
      null,
      null,
      null,
      null,
      null,
      "Tarifas Terrestres",
      null,
      null,
      null,
      "Arkansas",
      "FAYETTEVILLE",
      950
    ],
    [
      null,
      null,
      null,
      null,
      null,
      null,
      null,
      null,
      null,
      null,
      null,
      null,
      "Estado ",
      "Ciudad ",
      "Monto "
    ],
    [
      "Tarifas Terrestres",
      null,
      null,
      null,
      "Tarifas Terrestres",
      null,
      null,
      null,
      "Tarifas Terrestres",
      null,
      null,
      null,
      "South Carolina",
      "Columbia",
      1025,
      null,
      "Tarifas Terrestres"
    ],
    [
      "Estado ",
      "Ciudad ",
      "Monto ",
      null,
      "Estado ",
      "Ciudad ",
      "Monto ",
      null,
      "Estado ",
      "Ciudad ",
      "Monto ",
      null,
      "South Carolina",
      "SPARTANBURG",
      1025,
      null,
      "Estado ",
      "Ciudad ",
      "Monto "
    ],
    [
      "Alabama",
      "MOBILE SOUTH",
      800,
      null,
      "Georgia",
      "SAVANNAH",
      920,
      null,
      "Kentucky",
      "EARLINGTON",
      925,
      null,
      "South Carolina",
      "GREENVILLE",
      1025,
      null,
      "Oklahoma",
      "OKLAHOMA CITY",
      900
    ],
    [
      "Alabama",
      "MOBILE",
      750,
      null,
      "Georgia",
      "TIFTON",
      800,
      null,
      "Kentucky",
      "LOUISVILLE",
      925,
      null,
      "South Carolina",
      "LEXINGTON N",
      1025,
      null,
      "Oklahoma",
      "TULSA",
      900
    ],
    [
      "Alabama",
      "MONTGOMERY",
      800,
      null,
      "Georgia",
      "MACON",
      900,
      null,
      "Kentucky",
      "LEXINGTON",
      925,
      null,
      "South Carolina",
      "CHARLESTON N",
      1025
    ],
    [
      "Alabama",
      "BIRMINGHAM",
      800,
      null,
      "Georgia",
      "AUGUSTA",
      900,
      null,
      "Kentucky",
      "PADUCAH",
      925,
      null,
      null,
      null,
      null,
      null,
      "Tarifas Terrestres"
    ],
    [
      "Alabama",
      "TANNER",
      820,
      null,
      "Georgia",
      "FAIRBURN",
      850,
      null,
      "Kentucky",
      "BOWLING GREEN",
      925,
      null,
      "Tarifas Terrestres",
      null,
      null,
      null,
      "Estado ",
      "Ciudad ",
      "Monto "
    ],
    [
      "Alabama",
      "DOTHAN",
      800,
      null,
      "Georgia",
      "CARTERSVILLE",
      800,
      null,
      "Kentucky",
      "WALTON",
      1000,
      null,
      "Estado ",
      "Ciudad ",
      "Monto ",
      null,
      "New Jersey",
      "New Jersey",
      1750
    ],
    [
      "Alabama",
      "HUNTSVILLE",
      820,
      null,
      "Georgia",
      "ATLANTA (NORTH-SOUTH-EAST-WEST)",
      800,
      null,
      null,
      null,
      null,
      null,
      "Pennsylvania",
      "HARRISBURG",
      1550
    ],
    [
      null,
      null,
      null,
      null,
      null,
      null,
      null,
      null,
      null,
      null,
      null,
      null,
      "Pennsylvania",
      "YORK HAVEN",
      1550,
      null,
      "Tarifas Terrestres"
    ],
    [
      null,
      null,
      null,
      null,
      null,
      null,
      null,
      null,
      null,
      null,
      null,
      null,
      "Pennsylvania",
      "PITTSBURGH",
      1700,
      null,
      "Estado ",
      "Ciudad ",
      "Monto "
    ],
    [
      null,
      null,
      null,
      null,
      null,
      null,
      null,
      null,
      null,
      null,
      null,
      null,
      "Pennsylvania",
      "ALLENTOWN",
      1575,
      null,
      "Washington",
      "DC",
      1550
    ],
    [
      null,
      null,
      null,
      null,
      null,
      null,
      null,
      null,
      null,
      null,
      null,
      null,
      "Pennsylvania",
      "PHILADELPHIA",
      1575
    ]
  ],
  "FL, Launderdale": [
    [],
    [
      "Notas",
      "Sublote ",
      100,
      "USD",
      "Adicional"
    ],
    [
      null,
      "Pickups + USV 3 Filas",
      100,
      "USD",
      "Adicional"
    ],
    [],
    [
      "Tarifas Terrestres",
      null,
      null,
      null,
      "Tarifas Terrestres",
      null,
      null,
      null,
      "Tarifas Terrestres",
      null,
      null,
      null,
      "Tarifas Terrestres",
      null,
      null,
      null,
      "Tarifas Terrestres",
      null,
      null,
      null,
      "Tarifas Terrestres"
    ],
    [
      "Estado ",
      "Ciudad ",
      "Monto ",
      null,
      "Estado ",
      "Ciudad ",
      "Monto ",
      null,
      "Estado ",
      "Ciudad ",
      "Monto ",
      null,
      "Estado ",
      "Ciudad ",
      "Monto ",
      null,
      "Estado ",
      "Ciudad ",
      "Monto ",
      "   ",
      "Estado ",
      "Ciudad ",
      "Monto "
    ],
    [
      "Texas",
      "ODESSA",
      1100,
      null,
      "Florida",
      "Arcadia - ARCADIA",
      425,
      null,
      "Georgia",
      "Atlanta - COLLEGE PARK",
      575,
      null,
      "Colorado",
      "Colorado Springs",
      1175,
      null,
      "Kentucky",
      "Ashland - ASHLAND",
      975,
      null,
      "North Carolina",
      "Asheville - FLETCHER",
      700
    ],
    [
      "Texas",
      "TAYLOR",
      800,
      null,
      "Florida",
      "Central Florida - ORLANDO",
      430,
      null,
      "Georgia",
      "Atlanta - FLOWERY BRANCH",
      575,
      null,
      "Colorado",
      "Denver - BRIGHTON",
      1175,
      null,
      "Kentucky",
      "Bowling Green-BOWLING GREEN",
      925,
      null,
      "North Carolina",
      "Charlotte - CHARLOTTE",
      600
    ],
    [
      "Texas",
      "ANDREW",
      950,
      null,
      "Florida",
      "Clearwater - CLEARWATER",
      425,
      null,
      "Georgia",
      "Atlanta - GEORGIA ATLANTA",
      575,
      null,
      "Colorado",
      "Denver Central - DENVER",
      1150,
      null,
      "Kentucky",
      "Earlington - KY",
      1010,
      null,
      "North Carolina",
      "Charlotte - CONCORD",
      625
    ],
    [
      "Texas",
      "TYLER",
      800,
      null,
      "Florida",
      "Clewiston-Sublot-CLEWISTON, FL",
      365,
      null,
      "Georgia",
      "Atlanta - LOGANVILLE",
      565,
      null,
      "Colorado",
      "Denver East - COMMERCE CITY",
      1175,
      null,
      "Kentucky",
      "Lexington East - LEXINGTON",
      875,
      null,
      "North Carolina",
      "China Grove - CHINA GROVE",
      600
    ],
    [
      "Texas",
      "AUSTIN NORTH",
      800,
      null,
      "Florida",
      "Daytona Beach - DAYTONA\r\nBEACH",
      460,
      null,
      "Georgia",
      "Atlanta East - LOGANVILLE",
      565,
      null,
      "Colorado",
      "Denver South - LITTLETON",
      1175,
      null,
      "Kentucky",
      "Lexington West-LAWRENCEBURG",
      875,
      null,
      "North Carolina",
      "Concord - CONCORD",
      600
    ],
    [
      "Texas",
      "LUBBOCK",
      900,
      null,
      "Florida",
      "Fort Lauderdale - DAVIE",
      200,
      null,
      "Georgia",
      "Atlanta East - WINDER",
      565,
      null,
      null,
      null,
      null,
      null,
      "Kentucky",
      "Louisville - LOUISVILLE",
      875,
      null,
      "North Carolina",
      "Gastonia - GASTONIA, NC",
      635
    ],
    [
      "Texas",
      "ABELINE",
      1000,
      null,
      "Florida",
      "Fort Myers - NORTH FORT MYERS",
      405,
      null,
      "Georgia",
      "Atlanta North - ACWORTH",
      570,
      null,
      null,
      null,
      null,
      null,
      "Kentucky",
      "Louisville North - EMINENCE",
      875,
      null,
      "North Carolina",
      "Greensboro - GRAHAM",
      600
    ],
    [
      "Texas",
      "AMARILLO",
      1300,
      null,
      "Florida",
      "Fort Pierce - FORT PIERCE",
      360,
      null,
      "Georgia",
      "Atlanta North - GAINESVILLE",
      575,
      null,
      "Tarifas Terrestres",
      null,
      null,
      null,
      "Kentucky",
      "Walton - WALTON",
      875,
      null,
      "North Carolina",
      "High Point - HIGH POINT",
      675
    ],
    [
      "Texas",
      "MERCEDES",
      900,
      null,
      "Florida",
      "Homosassa - HOMOSASSA",
      500,
      null,
      "Georgia",
      "Atlanta North - GAINESVILLE",
      600,
      null,
      "Estado ",
      "Ciudad ",
      "Monto ",
      null,
      null,
      null,
      null,
      null,
      "North Carolina",
      "Knightdale - KNIGHTDALE",
      625
    ],
    [
      "Texas",
      "DALLAS FORT WORTH",
      850,
      null,
      "Florida",
      "Jacksonville - JACKSONVILLE",
      420,
      null,
      "Georgia",
      "Atlanta South - ELLENWOOD",
      565,
      null,
      "Arkansas",
      "Fayetteville - LINCOLN",
      875,
      null,
      "Tarifas Terrestres",
      null,
      null,
      null,
      "North Carolina",
      "Lumberton - LUMBERTON",
      625
    ],
    [
      "Texas",
      "MCALLEN",
      900,
      null,
      "Florida",
      "Lakeland - LAKELAND",
      475,
      null,
      "Georgia",
      "Atlanta South - LAKE CITY",
      560,
      null,
      "Arkansas",
      "Fayetteville - PRAIRIE GROVE",
      875,
      null,
      "Estado ",
      "Ciudad ",
      "Monto ",
      null,
      "North Carolina",
      "Mebane - MEBANE",
      625
    ],
    [
      "Texas",
      "LONGVIEW",
      850,
      null,
      "Florida",
      "Miami - SOUTHWEST RANCH",
      200,
      null,
      "Georgia",
      "Atlanta West - AUSTELL",
      570,
      null,
      "Arkansas",
      "Little Rock - CONWAY",
      950,
      null,
      "Missouri",
      "Columbia - COLUMBIA",
      915,
      null,
      "North Carolina",
      "Mebane Sublot - MEBANE",
      635
    ],
    [
      "Texas",
      "HOUSTON",
      900,
      null,
      "Florida",
      "Miami Central - MIAMI",
      200,
      null,
      "Georgia",
      "Augusta - AUGUSTA",
      600,
      null,
      "Arkansas",
      "Little Rock - SCOTT",
      950,
      null,
      "Missouri",
      "Kansas City, MO - ODESSA",
      950,
      null,
      "North Carolina",
      "Mocksville - MOCKSVILLE",
      635
    ],
    [
      "Texas",
      "CORPUS CHRISTI",
      850,
      null,
      "Florida",
      "Miami North - OPA LOCKA",
      200,
      null,
      "Georgia",
      "Cartersville - CARTERSVILLE",
      575,
      null,
      null,
      null,
      null,
      null,
      "Missouri",
      "Sikeston - SIKESTON",
      995,
      null,
      "North Carolina",
      " KENLY",
      650
    ],
    [
      "Texas",
      "WACO",
      900,
      null,
      "Florida",
      "Miami North-SOUTHWEST RANCH",
      200,
      null,
      "Georgia",
      "Fairburn - FAIRBURN",
      585,
      null,
      "Tarifas Terrestres",
      null,
      null,
      null,
      "Missouri",
      "Springfield - ROGERSVILLE",
      975,
      null,
      "North Carolina",
      "Off-Site Location - SANFORD",
      625
    ],
    [
      "Texas",
      "AUSTIN",
      800,
      null,
      "Florida",
      "Miami South - HOMESTEAD",
      200,
      null,
      "Georgia",
      "Macon - BYRON",
      565,
      null,
      "Estado ",
      "Ciudad ",
      "Monto ",
      null,
      "Missouri",
      "Springfield - SPRINGFIELD",
      875,
      null,
      "North Carolina",
      "Raleigh - CLAYTON",
      585
    ],
    [
      "Texas",
      "LUFKIN",
      800,
      null,
      "Florida",
      "Miami-North - PEMBROKE PINES",
      200,
      null,
      "Georgia",
      "Macon - MACON",
      565,
      null,
      "Indiana",
      "Cicerto - Indiana - CICERO",
      950,
      null,
      "Missouri",
      "St Louis, Mo - Dunn Sublot\r\n- ST LOUIS",
      875,
      null,
      "North Carolina",
      "Raleigh - DUNN",
      585
    ],
    [
      "Texas",
      "SAN ANTONIO",
      800,
      null,
      "Florida",
      "Mulberry - MULBERRY",
      430,
      null,
      "Georgia",
      "Metro Atlanta - ATLANTA",
      600,
      null,
      "Indiana",
      "Crothersville,IN-CROTHERSVILLE",
      875,
      null,
      "Missouri",
      "St. Louis - BRIDGETON",
      875,
      null,
      "North Carolina",
      "Raleigh North - KNIGHDALE",
      625
    ],
    [
      "Texas",
      "El Paso ",
      1000,
      null,
      "Florida",
      "Ocala - OCALA",
      415,
      null,
      "Georgia",
      "Savannah - RINCON",
      535,
      null,
      "Indiana",
      "Dyer, IN - DYER",
      925,
      null,
      null,
      null,
      null,
      null,
      "North Carolina",
      "Statesville - STATESVILLE",
      675
    ],
    [
      null,
      null,
      null,
      null,
      "Florida",
      "Off Site Location - HAYNES CITY",
      360,
      null,
      "Georgia",
      "Savannah - SAVANNAH",
      535,
      null,
      "Indiana",
      "Fort Wayne - HARTFORD CITY",
      1065,
      null,
      "Tarifas Terrestres",
      null,
      null,
      null,
      "North Carolina",
      "Wilmington - CASTLE HAYNE",
      710
    ],
    [
      "Tarifas Terrestres",
      null,
      null,
      null,
      "Florida",
      "Okeechobee, FL - OKEECHOBEE,\r\nFlorida",
      425,
      null,
      "Georgia",
      "Savannah, Sublote Metter\r\n- METTER",
      535,
      null,
      "Indiana",
      "Fort Wayne, IN - FORT WAYNE",
      1065,
      null,
      "Estado ",
      "Ciudad ",
      "Monto ",
      null,
      "North Carolina",
      "Wilmington - ST. PETERSBURG",
      700
    ],
    [
      "Estado ",
      "Ciudad ",
      "Monto ",
      null,
      "Florida",
      "Orlando -Boggy Sublot-ORLANDO",
      410,
      null,
      "Georgia",
      "Tifton - TIFTON",
      560,
      null,
      "Indiana",
      "Indianapolis - INDIANAPOLIS",
      875,
      null,
      "Kansas",
      "Kansas City - KANSAS CITY",
      860
    ],
    [
      "Arizona",
      "Phoenix - PHOENIX",
      1145,
      null,
      "Florida",
      "Orlando - OCOEE",
      410,
      null,
      "Georgia",
      "Tifton - TIFTON",
      560,
      null,
      "Indiana",
      "Indianapolis - INDIANAPOLIS",
      875,
      null,
      "Kansas",
      "Wichita - PARK CITY",
      925,
      null,
      "Tarifas Terrestres"
    ],
    [
      "Arizona",
      "Tucson - TUCSON",
      1145,
      null,
      "Florida",
      "Orlando - ORLANDO",
      410,
      null,
      null,
      null,
      null,
      null,
      "Indiana",
      "Louisville - CLARKSVILLE",
      900,
      null,
      "Kansas",
      "Wichita - WICHITA",
      925,
      null,
      "Estado ",
      "Ciudad ",
      "Monto "
    ],
    [
      null,
      null,
      null,
      null,
      "Florida",
      "Orlando North - APOPKA",
      420,
      null,
      "Tarifas Terrestres",
      null,
      null,
      null,
      "Indiana",
      "South Bend - SOUTH BEND",
      1075,
      null,
      null,
      null,
      null,
      null,
      "South Carolina",
      "Charleston - RAVENEL",
      550
    ],
    [
      "Tarifas Terrestres",
      null,
      null,
      null,
      "Florida",
      "Orlando South - ORLANDO",
      410,
      null,
      "Estado ",
      "Ciudad ",
      "Monto ",
      null,
      null,
      null,
      null,
      null,
      "Tarifas Terrestres",
      null,
      null,
      null,
      "South Carolina",
      "Columbia - GASTON",
      535
    ],
    [
      "Estado ",
      "Ciudad ",
      "Monto ",
      null,
      "Florida",
      "Orlando-North - SANFORD",
      420,
      null,
      "Alabama",
      "Birmingham - BESSEMER",
      700,
      null,
      "Tarifas Terrestres",
      null,
      null,
      null,
      "Estado ",
      "Ciudad ",
      "Monto ",
      null,
      "South Carolina",
      "Darlington - DARLINGTON",
      625
    ],
    [
      "IOWA",
      "Davenport - DAVENPORT",
      1185,
      null,
      "Florida",
      "Palm Beach -WEST PALM BEACH",
      345,
      null,
      "Alabama",
      "Birmingham - HUEYTOWN",
      700,
      null,
      "Estado ",
      "Ciudad ",
      "Monto ",
      null,
      "Nebraska",
      "Lincoln - GREENWOOD",
      1125,
      null,
      "South Carolina",
      "Greenville - SIMPSONVILLE",
      585
    ],
    [
      "IOWA",
      "Davenport - ELDRIDGE",
      1185,
      null,
      "Florida",
      "Pensacola - MILTON",
      575,
      null,
      "Alabama",
      "Birmingham North - HUEYTOWN",
      725,
      null,
      "Louisiana",
      "LA - Baton Rouge - GREENWELL\r\nSPRINGS",
      700,
      null,
      "Nebraska",
      "Omaha - SPRINGFIELD",
      1175,
      null,
      "South Carolina",
      "Lexington - LEXINGTON, SC",
      525
    ],
    [
      "IOWA",
      "Des Moines - DE SOTO",
      1175,
      null,
      "Florida",
      "Pensacola - PENSACOLA",
      580,
      null,
      "Alabama",
      "Dothan - DOTHAN",
      675,
      null,
      "Louisiana",
      "Baton Rouge - LIVINGSTON",
      700,
      null,
      null,
      null,
      null,
      null,
      "South Carolina",
      "North Charleston - HARLEYVILLE",
      575
    ],
    [
      null,
      null,
      null,
      null,
      "Florida",
      "Punta Gorda - PUNTA GORDA",
      425,
      null,
      "Alabama",
      "Dothan - HEADLAND",
      675,
      null,
      "Louisiana",
      "Carville - CARVILLE",
      700,
      null,
      "Tarifas Terrestres",
      null,
      null,
      null,
      "South Carolina",
      "Spartanburg - SPARTANBURG",
      575
    ],
    [
      "Tarifas Terrestres",
      null,
      null,
      null,
      "Florida",
      "St. Pete - CLEARWATER",
      430,
      null,
      "Alabama",
      "Huntsville - ATHENS",
      700,
      null,
      "Louisiana",
      "Lafayette - LAFAYETTE",
      695,
      null,
      "Estado ",
      "Ciudad ",
      "Monto "
    ],
    [
      "Estado ",
      "Ciudad ",
      "Monto ",
      null,
      "Florida",
      "Tallahassee - MIDWAY",
      525,
      null,
      "Alabama",
      "Mobile - EIGHT MILE",
      675,
      null,
      "Louisiana",
      "New Orleans - NEW ORLEANS",
      700,
      null,
      "Tennessee",
      "Chattanooga - CHATTANOOGA",
      775
    ],
    [
      "Illinois",
      "Lincoln - LINCOLN",
      1150,
      null,
      "Florida",
      "Tampa - PALMETTO",
      420,
      null,
      "Alabama",
      "Mobile South - THEODORE",
      700,
      null,
      "Louisiana",
      "New Orleans East - NEW\r\nORLEANS",
      725,
      null,
      "Tennessee",
      "Knoxville - KNOXVILLE",
      710
    ],
    [
      "Illinois",
      "Peoria - PEKIN",
      1150,
      null,
      "Florida",
      "Tampa - Sublot - TAMPA",
      435,
      null,
      "Alabama",
      "Montgomery - MONTGOMERY",
      670,
      null,
      "Louisiana",
      "Shreveport - GREENWOOD",
      700,
      null,
      "Tennessee",
      "Knoxville - MADISONVILLE",
      710
    ],
    [
      "Illinois",
      "Southern Illinois - ALORTON",
      875,
      null,
      "Florida",
      "Tampa - TAMPA",
      430,
      null,
      "Alabama",
      "Tanner - TANNER",
      700,
      null,
      "Louisiana",
      "Shreveport - SHREVEPORT",
      700,
      null,
      "Tennessee",
      "Memphis - MEMPHIS",
      700
    ],
    [
      "Illinois",
      "Southern Illinois - CAHOKIA\r\nHEIGHTS",
      875,
      null,
      "Florida",
      "Tampa - TAMPA",
      460,
      null,
      null,
      null,
      null,
      null,
      null,
      null,
      null,
      null,
      "Tennessee",
      "Nashville - LEBANON",
      700
    ],
    [
      "Illinois",
      "St. Louis - GRANITE CITY",
      875,
      null,
      "Florida",
      "Tampa North - HUDSON",
      430,
      null,
      "Tarifas Terrestres",
      null,
      null,
      null,
      "Tarifas Terrestres",
      null,
      null,
      null,
      "Tennessee",
      "Nashville - MOUNT JULIET",
      750
    ],
    [
      "Illinois",
      "St. Louis, Il - CASEYVILLE",
      875,
      null,
      "Florida",
      "Tampa South - RIVERVIEW",
      425,
      null,
      "Estado ",
      "Ciudad ",
      "Monto ",
      null,
      "Estado ",
      "Ciudad ",
      "Monto ",
      null,
      "Tennessee",
      "Nashville - NASHVILLE",
      700
    ],
    [
      null,
      null,
      null,
      null,
      "Florida",
      "Tampa South Sublot -\r\nTHONOTOSASSA",
      435,
      null,
      "Oklahoma",
      "Oklahoma City-OKLAHOMA CITY",
      925,
      null,
      "Mississippi",
      "Grenada - GRENADA",
      715
    ],
    [
      null,
      null,
      null,
      null,
      "Florida",
      "West Palm Beach - JUPITER",
      345,
      null,
      "Oklahoma",
      "Tulsa - TULSA",
      925,
      null,
      "Mississippi",
      "Gulf Coast - MOSS POINT",
      715
    ],
    [
      null,
      null,
      null,
      null,
      "Florida",
      "West Palm Beach - WEST PALM\r\nBEACH",
      325,
      null,
      null,
      null,
      null,
      null,
      "Mississippi",
      "Jackson - BYRAM",
      700
    ],
    [
      null,
      null,
      null,
      null,
      null,
      null,
      null,
      null,
      null,
      null,
      null,
      null,
      "Mississippi",
      "Jackson - FLORENCE",
      700
    ]
  ],
  "Delaware": [
    [],
    [
      "Notas",
      "Sublote ",
      100,
      "USD",
      "Adicional"
    ],
    [
      null,
      "Pickups + USV 3 Filas",
      100,
      "USD",
      "Adicional"
    ],
    [],
    [
      "Tarifas Terrestres",
      null,
      null,
      null,
      "Tarifas Terrestres",
      null,
      null,
      null,
      "Tarifas Terrestres",
      null,
      null,
      null,
      "Tarifas Terrestres"
    ],
    [
      "Estado ",
      "Ciudad ",
      "Monto ",
      null,
      "Estado ",
      "Ciudad ",
      "Monto ",
      null,
      "Estado ",
      "Ciudad ",
      "Monto ",
      null,
      "Estado ",
      "Ciudad ",
      "Monto "
    ],
    [
      "Connecticut",
      "Hartford - EAST WINDSOR",
      475,
      null,
      "Delaware",
      "New Castle - NEW CASTLE",
      200,
      null,
      "Maryland",
      "BALTIMORE",
      385,
      null,
      "New York",
      "Albany - ALBANY",
      500
    ],
    [
      "Connecticut",
      "Hartford - NEW BRITAIN",
      475,
      null,
      "Delaware",
      "Seaford - SEAFORD",
      400,
      null,
      "Maryland",
      "Baltimore - FINKSBURG",
      380,
      null,
      "New York",
      "Albany - CLIFTON PARK",
      520
    ],
    [
      "Connecticut",
      "Hartford  Sublot North 625 NEW BRITAIN",
      475,
      null,
      null,
      null,
      null,
      null,
      "Maryland",
      "Baltimore  Sublot WHITE MARSH",
      440,
      null,
      "New York",
      "Albany - SCHENECTADY",
      500
    ],
    [
      "Connecticut",
      "Hartford - Sublot South 525 NEW BRITAIN",
      475,
      null,
      "Tarifas Terrestres",
      null,
      null,
      null,
      "Maryland",
      "Baltimore East - PATAPSCO",
      440,
      null,
      "New York",
      "Albany Sublot - AMSTERDAM",
      600
    ],
    [
      "Connecticut",
      "Hartford Springfield - EAST GRAMBY",
      500,
      null,
      "Estado ",
      "Ciudad ",
      "Monto ",
      null,
      "Maryland",
      "Baltimore Washington ELKRIDGE",
      425,
      null,
      "New York",
      "Buffalo - ANGOLA",
      825
    ],
    [
      "Connecticut",
      "Hartford-South - MIDDLETOWN",
      475,
      null,
      "Massachusetts",
      "Boston - Shirley - Sublot Templeton",
      725,
      null,
      "Maryland",
      "Dundalk - DUNDALK",
      395,
      null,
      "New York",
      "Buffalo - BUFFALO",
      775
    ],
    [
      null,
      null,
      null,
      null,
      "Massachusetts",
      "Boston - Shirley - SHIRLEY",
      680,
      null,
      "Maryland",
      "Elkton - ELKTON",
      360,
      null,
      "New York",
      "Buffalo Alden Sublot - ALDEN",
      1050
    ],
    [
      "Tarifas Terrestres",
      null,
      null,
      null,
      "Massachusetts",
      "Freetown - ASSONET",
      580,
      null,
      "Maryland",
      "Laurel Sublot - LAUREL",
      430,
      null,
      "New York",
      "Long Island - BROOKHAVEN",
      480
    ],
    [
      "Estado ",
      "Ciudad ",
      "Monto ",
      null,
      "Massachusetts",
      "New England - NORTH DIGHTON",
      600,
      null,
      "Maryland",
      "Metro DC - BRANDYWINE",
      380,
      null,
      "New York",
      "Long Island - MEDFORD",
      495
    ],
    [
      "Illinois",
      "Chicago - MATTESON",
      810,
      null,
      "Massachusetts",
      "North Boston -NORTH BILLERICA",
      690,
      null,
      "Maryland",
      "Seaford Sublot - FRUITLAND",
      500,
      null,
      "New York",
      "Long Island - Staten Island 613",
      550
    ],
    [
      "Illinois",
      "Chicago North - EAST DUNDEE",
      810,
      null,
      "Massachusetts",
      "North Boston Sublot - BOSTON",
      680,
      null,
      "Maryland",
      "Temple Hills - TEMPLE HILLS",
      455,
      null,
      "New York",
      "Long Island - YAPHANK",
      510
    ],
    [
      "Illinois",
      "Chicago North - ELGIN",
      810,
      null,
      "Massachusetts",
      "South Boston - MENDON",
      580,
      null,
      "Maryland",
      "Washington DC - WALDORF",
      385,
      null,
      "New York",
      "Nerburgh Sublot Lattintown",
      500
    ],
    [
      "Illinois",
      "Chicago South  CHICAGO HEIGHTS",
      810,
      null,
      "Massachusetts",
      "Taunton - EAST TAUNTON",
      575,
      null,
      "Maryland",
      "Washington DC Sublot White Plains ",
      475,
      null,
      "New York",
      "New York - NEWBURGH",
      455
    ],
    [
      "Illinois",
      "Chicago South Sublot - CHICAGO Heights",
      810,
      null,
      "Massachusetts",
      "Taunton Offsite Uxbridge  UXBRIDGE",
      675,
      null,
      null,
      null,
      null,
      null,
      "New York",
      "Newburgh - MARLBORO",
      455
    ],
    [
      "Illinois",
      "Chicago West - AURORA",
      810,
      null,
      "Massachusetts",
      "Templeton - TEMPLETON",
      725,
      null,
      "Tarifas Terrestres",
      null,
      null,
      null,
      "New York",
      "Newburgh - ROCK TAVERN",
      455
    ],
    [
      "Illinois",
      "Chicago West Sublot MONTGOMERY",
      810,
      null,
      "Massachusetts",
      "West Warren Sublot - ORLEANS",
      975,
      null,
      "Estado ",
      "Ciudad ",
      "Monto ",
      null,
      "New York",
      "Monticello, NY - MONTICELLO",
      530
    ],
    [
      "Illinois",
      "Chicago-South - MARKHAM",
      810,
      null,
      "Massachusetts",
      "West Warren - WEST WARREN",
      650,
      null,
      "Maine",
      "Lyman - LYMAN",
      770,
      null,
      "New York",
      "Staten Island Sublot -",
      530
    ],
    [
      "Illinois",
      "Wheeling - WHEELING",
      830,
      null,
      null,
      null,
      null,
      null,
      "Maine",
      "Portland - GORHAM",
      800,
      null,
      "New York",
      "Newburgh Sublot 18 NY-17K -",
      470
    ],
    [
      null,
      null,
      null,
      null,
      "Tarifas Terrestres",
      null,
      null,
      null,
      "Maine",
      "Windham - WINDHAM",
      850,
      null,
      "New York",
      "Rochester - BERGEN",
      610
    ],
    [
      "Tarifas Terrestres",
      null,
      null,
      null,
      "Estado ",
      "Ciudad ",
      "Monto ",
      null,
      null,
      null,
      null,
      null,
      "New York",
      "Rochester - LEROY",
      610
    ],
    [
      "Estado ",
      "Ciudad ",
      "Monto ",
      null,
      "Pennsylvalnia",
      "EAST FREEDOM",
      530,
      null,
      "Tarifas Terrestres",
      null,
      null,
      null,
      "New York",
      "Staten Island - STATEN ISLAND",
      525
    ],
    [
      "Rhode Island",
      "Exeter - EXETER",
      595,
      null,
      "Pennsylvalnia",
      "Altoona - EBENSBURG",
      530,
      null,
      "Estado ",
      "Ciudad ",
      "Monto ",
      null,
      "New York",
      "Syracuse - CENTRAL SQUARE",
      560
    ],
    [
      "Rhode Island",
      "Providence - RIVERSIDE",
      550,
      null,
      "Pennsylvalnia",
      "BRIDGEPORT",
      310,
      null,
      "Michigan",
      "Detroit - BELLEVILLE",
      1050,
      null,
      "New York",
      "Syracuse - CICERO",
      560
    ],
    [
      null,
      null,
      null,
      null,
      "Pennsylvalnia",
      "CHAMBERSBURG",
      420,
      null,
      "Michigan",
      "Detroit - WOODHAVEN",
      1050
    ],
    [
      "Tarifas Terrestres",
      null,
      null,
      null,
      "Pennsylvalnia",
      "Erie - GARLAND",
      700,
      null,
      "Michigan",
      "Flint - DAVISON",
      960,
      null,
      "Tarifas Terrestres"
    ],
    [
      "Estado ",
      "Ciudad ",
      "Monto ",
      null,
      "Pennsylvalnia",
      "Harrisburg - GRANTVILLE",
      370,
      null,
      "Michigan",
      "Flint - FLINT",
      960,
      null,
      "Estado ",
      "Ciudad ",
      "Monto "
    ],
    [
      "New Jersey",
      "Avenel New Jersey - AVENEL",
      370,
      null,
      "Pennsylvalnia",
      "Keystone Pennsylvania",
      370,
      null,
      "Michigan",
      "Grand Rapids - BYRON CENTER",
      1125,
      null,
      "West Virginia",
      "BUCKHANNON",
      775
    ],
    [
      "New Jersey",
      "Central New Jersey -MORGANVILLE",
      370,
      null,
      "Pennsylvalnia",
      "Pennsylvania - MANHEIM",
      480,
      null,
      "Michigan",
      "Ionia - PORTLAND",
      960,
      null,
      "West Virginia",
      "Charleston - HURRICANE",
      775
    ],
    [
      "New Jersey",
      "Glassboro East - GLASSBORO",
      335,
      null,
      "Pennsylvalnia",
      "Pennsylvania - YORK",
      375,
      null,
      "Michigan",
      "Kincheloe - KINCHELOE",
      1350,
      null,
      "West Virginia",
      "Shady Spring",
      775
    ],
    [
      "New Jersey",
      "Glassboro West - GLASSBORO",
      335,
      null,
      "Pennsylvalnia",
      "Philadelphia - CONSHOHOCKEN",
      315,
      null,
      "Michigan",
      "Lansing - LANSING",
      960
    ],
    [
      "New Jersey",
      "Manalapan - ENGLISHTOWN",
      380,
      null,
      "Pennsylvalnia",
      "Philadelphia - HATFIELD",
      430,
      null,
      "Michigan",
      "Wayland - WAYLAND",
      1125,
      null,
      "Tarifas Terrestres"
    ],
    [
      "New Jersey",
      "New Jersey - BORDENTOWN",
      460,
      null,
      "Pennsylvalnia",
      "Philadelphia - PENNSBURG",
      350,
      null,
      null,
      null,
      null,
      null,
      "Estado ",
      "Ciudad ",
      "Monto "
    ],
    [
      "New Jersey",
      "NY Metro Skyline - FAIRFIELD",
      600,
      null,
      "Pennsylvalnia",
      "Philadelphia East Sublot ",
      350,
      null,
      "Tarifas Terrestres",
      null,
      null,
      null,
      "Vermont",
      "Burlington - ESSEX JUCTION",
      925
    ],
    [
      "New Jersey",
      "Port Murray - PORT MURRAY",
      475,
      null,
      "Pennsylvalnia",
      "Philadelphia East Sublot -MALVERN",
      350,
      null,
      "Estado ",
      "Ciudad ",
      "Monto ",
      null,
      "Vermont",
      "Rutland - RUTLAND",
      1025
    ],
    [
      "New Jersey",
      "Sayreville - SAYREVILLE",
      450,
      null,
      "Pennsylvalnia",
      "Pittsburgh - ALIQUIPPA",
      550,
      null,
      "Ohio",
      "Akron - BARBERTON",
      850
    ],
    [
      "New Jersey",
      "Somerville - HILLSBOROUGH",
      365,
      null,
      "Pennsylvalnia",
      "Pittsburgh CRANBERRYTOWNSHIP",
      550,
      null,
      "Ohio",
      "Akron Canton NEWPHILADELPHIA",
      850,
      null,
      "Tarifas Terrestres"
    ],
    [
      "New Jersey",
      "Southern New Jersey TURNERSVILLE",
      330,
      null,
      "Pennsylvalnia",
      "Pittsburgh - NEW STANTON",
      575,
      null,
      "Ohio",
      "Cincinnati - HAMILTON",
      825,
      null,
      "Estado ",
      "Ciudad ",
      "Monto "
    ],
    [
      "New Jersey",
      "Trenton - Jobstown Sublot JOBSTOWN",
      425,
      null,
      "Pennsylvalnia",
      "Pittsburgh West Sublot ADAMSBURG",
      575,
      null,
      "Ohio",
      "Cincinnati - WEST CHESTER",
      825,
      null,
      "Wisconsin",
      "Appleton - APPLETON",
      995
    ],
    [
      "New Jersey",
      "Trenton - WINDSOR",
      360,
      null,
      "Pennsylvalnia",
      "Pittsburgh North - ELLWOOD CITY",
      550,
      null,
      "Ohio",
      "Cleveland - LORAIN",
      850,
      null,
      "Wisconsin",
      "Madison - MADISON",
      975
    ],
    [
      null,
      null,
      null,
      null,
      "Pennsylvalnia",
      "Pittsburgh North - GIBSONIA",
      550,
      null,
      "Ohio",
      "Cleveland East - NORTHFIELD",
      850,
      null,
      "Wisconsin",
      "Madison South-COTTAGE GROVE",
      975
    ],
    [
      "Tarifas Terrestres",
      null,
      null,
      null,
      "Pennsylvalnia",
      "Pittsburgh South - WEST MIFFLIN",
      550,
      null,
      "Ohio",
      "Cleveland Sublot - VERMILION",
      850,
      null,
      "Wisconsin",
      "Milwaukee - CUDAHY",
      975
    ],
    [
      "Estado ",
      "Ciudad ",
      "Monto ",
      null,
      "Pennsylvalnia",
      "Pittsburgh West - WEST MIFFLIN",
      550,
      null,
      "Ohio",
      "Cleveland West  COLUMBIA Station",
      850,
      null,
      "Wisconsin",
      "Milwaukee - SUSSEX",
      975
    ],
    [
      "New Hampshire",
      "Candia - CANDIA",
      770,
      null,
      "Pennsylvalnia",
      "Scranton - DURYEA",
      490,
      null,
      "Ohio",
      "COLUMBUS",
      925,
      null,
      "Wisconsin",
      "PORTAGE",
      995
    ],
    [
      "New Hampshire",
      "Manchester - SALEM",
      670,
      null,
      "Pennsylvalnia",
      "Scranton - PITTSTON",
      390,
      null,
      "Ohio",
      "Columbus - GROVE CITY",
      925
    ],
    [
      null,
      null,
      null,
      null,
      "Pennsylvalnia",
      "Coopersburg Sublot COOPERSBURG",
      495,
      null,
      "Ohio",
      "Dayton - DAYTON",
      875
    ],
    [
      "Tarifas Terrestres",
      null,
      null,
      null,
      "Pennsylvalnia",
      "York Haven",
      360,
      null,
      "Ohio",
      "Dayton - MORAINE",
      875
    ],
    [
      "Estado ",
      "Ciudad ",
      "Monto ",
      null,
      "Pennsylvalnia",
      "York Springs",
      375,
      null,
      "Ohio",
      "Ohio - GROVE CITY",
      925
    ],
    [
      "Minnesota",
      "Elk River - ELK RIVER",
      1150
    ],
    [
      "Minnesota",
      "Minneapolis - BLAINE",
      1150,
      null,
      "Tarifas Terrestres"
    ],
    [
      "Minnesota",
      "Minneapolis - MAPLE GROVE",
      1150,
      null,
      "Estado ",
      "Ciudad ",
      "Monto "
    ],
    [
      "Minnesota",
      "Minneapolis - SAINT PAUL",
      1150,
      null,
      "Virginia",
      "Culpeper - CULPEPER",
      480
    ],
    [
      "Minnesota",
      "Minneapolis North - HAM LAKE",
      1150,
      null,
      "Virginia",
      "Danville - CHATHAM",
      650
    ],
    [
      "Minnesota",
      "Minneapolis South - RANDOLPH",
      1150,
      null,
      "Virginia",
      "Fredericksburg",
      500
    ],
    [
      "Minnesota",
      "Minneapolis Sublot - FRIDLEY",
      1150,
      null,
      "Virginia",
      "Hampton - HAMPTON",
      570
    ],
    [
      "Minnesota",
      "St. Cloud - AVON",
      1150,
      null,
      "Virginia",
      "Harrisonburg - HARRISONBURG",
      650
    ],
    [
      null,
      null,
      null,
      null,
      "Virginia",
      "Northern VirginiaFREDERICKSBURG",
      470
    ],
    [
      null,
      null,
      null,
      null,
      "Virginia",
      "Pulaski - PULASKI",
      700
    ],
    [
      null,
      null,
      null,
      null,
      "Virginia",
      "Richmond - ASHLAND",
      475
    ],
    [
      null,
      null,
      null,
      null,
      "Virginia",
      "Richmond - SANDSTON",
      450
    ],
    [
      null,
      null,
      null,
      null,
      "Virginia",
      "Richmond East - CHARLES CITY",
      525
    ],
    [
      null,
      null,
      null,
      null,
      "Virginia",
      "Roanoke - MONTVALE",
      700
    ],
    [
      null,
      null,
      null,
      null,
      "Virginia",
      "Suffolk - SUFFOLK",
      650
    ],
    [
      null,
      null,
      null,
      null,
      "Virginia",
      "Tidewater - YORKTOWN",
      550
    ],
    []
  ],
  "Houston": [
    [],
    [
      "Notas",
      "Sublote ",
      100,
      "USD",
      "Adicional"
    ],
    [
      null,
      "Pickups + USV 3 Filas",
      100,
      "USD",
      "Adicional"
    ],
    [],
    [
      null,
      null,
      null,
      null,
      "Tarifas Terrestres",
      null,
      null,
      null,
      null,
      null,
      null,
      null,
      "Tarifas Terrestres",
      null,
      null,
      null,
      "Tarifas Terrestres"
    ],
    [
      "Tarifas Terrestres",
      null,
      null,
      null,
      "Estado ",
      "Ciudad ",
      "Monto ",
      null,
      "Tarifas Terrestres",
      null,
      null,
      null,
      "Estado ",
      "Ciudad ",
      "Monto ",
      null,
      "Estado ",
      "Ciudad ",
      "Monto "
    ],
    [
      "Estado ",
      "Ciudad ",
      "Monto ",
      null,
      "Idaho",
      "Boise - MERIDIAN",
      1250,
      null,
      "Estado ",
      "Ciudad ",
      "Monto ",
      null,
      "Montana",
      "Missioula ",
      1500,
      null,
      "Nevada",
      "Las Vegas",
      1950
    ],
    [
      "Arkansas",
      "Fayetteville - LINCOLN",
      575,
      null,
      "Idaho",
      "Boise - NAMPA",
      1225,
      null,
      "Illinois",
      "Lincoln - LINCOLN",
      1200,
      null,
      null,
      null,
      null,
      null,
      null,
      "RENO"
    ],
    [
      "Arkansas",
      "Fayetteville - PRAIRIE GROVE",
      575,
      null,
      null,
      null,
      null,
      null,
      "Illinois",
      "Peoria - PEKIN",
      1200
    ],
    [
      "Arkansas",
      "Little Rock - CONWAY",
      500,
      null,
      "Tarifas Terrestres",
      null,
      null,
      null,
      "Illinois",
      "Southern Illinois - ALORTON",
      700,
      null,
      "Tarifas Terrestres",
      null,
      null,
      null,
      "Tarifas Terrestres"
    ],
    [
      "Arkansas",
      "Little Rock - SCOTT",
      500,
      null,
      "Estado ",
      "Ciudad ",
      "Monto ",
      null,
      "Illinois",
      "St. Louis - GRANITE CITY",
      750,
      null,
      "Estado ",
      "Ciudad ",
      "Monto ",
      null,
      "Estado ",
      "Ciudad ",
      "Monto "
    ],
    [
      null,
      null,
      null,
      null,
      "Iowa",
      "DAVENPORT",
      1095,
      null,
      "Illinois",
      "Wheeling - WHEELING",
      975,
      null,
      "North Dakota",
      "Fargo-Bismarck",
      1750,
      null,
      "Utah",
      "Salt Lake City",
      1900
    ],
    [
      "Tarifas Terrestres",
      null,
      null,
      null,
      "Iowa",
      "Davenport - ELDRIDGE",
      1095,
      null,
      null,
      null,
      null,
      null,
      "North Dakota",
      "Bismarck",
      1750,
      null,
      null,
      "Ogden-Farr West",
      1900
    ],
    [
      "Estado ",
      "Ciudad ",
      "Monto ",
      null,
      "Iowa",
      "Des Moines - DE SOTO",
      895,
      null,
      "Tarifas Terrestres"
    ],
    [
      "Arizona",
      "PHOENIX",
      850,
      null,
      "Iowa",
      "Des Moines - DES MOINES",
      895,
      null,
      "Estado ",
      "Ciudad ",
      "Monto ",
      null,
      "Tarifas Terrestres",
      null,
      null,
      null,
      "Tarifas Terrestres"
    ],
    [
      "Arizona",
      "TUCSON",
      925,
      null,
      null,
      null,
      null,
      null,
      "Colorado",
      "Colorado Springs",
      870,
      null,
      "Estado ",
      "Ciudad ",
      "Monto ",
      null,
      "Estado ",
      "Ciudad ",
      "Monto "
    ],
    [
      null,
      null,
      null,
      null,
      "Tarifas Terrestres",
      null,
      null,
      null,
      "Colorado",
      "Denver - BRIGHTON",
      845,
      null,
      "South Dakota",
      "Black Hawk",
      1600,
      null,
      "Wyoming",
      "Casper"
    ],
    [
      "Tarifas Terrestres",
      null,
      null,
      null,
      "Estado ",
      "Ciudad ",
      "Monto ",
      null,
      "Colorado",
      "Denver - DENVER",
      845,
      null,
      null,
      "Sioux Falls-Rapid City"
    ],
    [
      "Estado ",
      "Ciudad ",
      "Monto ",
      null,
      "Kansas",
      "Kansas City",
      750,
      null,
      "Colorado",
      "Denver East - COMMERCE CITY",
      900
    ],
    [
      "Texas",
      "ABANGARES",
      525,
      null,
      "Kansas",
      "Kansas City Sublot A KANSAS CITY",
      725
    ],
    [
      "Texas",
      "Abilene - HAWLEY",
      525,
      null,
      "Kansas",
      "Wichita - PARK CITY",
      700,
      null,
      "Tarifas Terrestres"
    ],
    [
      "Texas",
      "Amarillo - AMARILLO",
      620,
      null,
      "Kansas",
      "Wichita - WICHITA",
      700,
      null,
      "Estado ",
      "Ciudad ",
      "Monto "
    ],
    [
      "Texas",
      "Andrews - ANDREWS",
      625,
      null,
      null,
      null,
      null,
      null,
      "New Mexico",
      "Albuquerque - ALBUQUERQUE",
      770
    ],
    [
      "Texas",
      "Austin - DALE",
      425,
      null,
      "Tarifas Terrestres"
    ],
    [
      "Texas",
      "Austin - NEW BRAUNFELS",
      425,
      null,
      "Estado ",
      "Ciudad ",
      "Monto ",
      null,
      "Tarifas Terrestres"
    ],
    [
      "Texas",
      "Corpus Christi",
      350,
      null,
      "Louisiana",
      "Baton Rouge - LIVINGSTON",
      520,
      null,
      "Estado ",
      "Ciudad ",
      "Monto "
    ],
    [
      "Texas",
      "Dallas - GRAND PRAIRIE",
      450,
      null,
      "Louisiana",
      "Lafayette - LAFAYETTE",
      460,
      null,
      "Oklahoma",
      "Moore sublot-OKLAHOMA CITY",
      630
    ],
    [
      "Texas",
      "Dallas - WILMER",
      450,
      null,
      "Louisiana",
      "New Orleans - COVINGTON",
      525,
      null,
      "Oklahoma",
      "Portland Sublot-OKLAHOMA CITY",
      630
    ],
    [
      "Texas",
      "Dallas/Ft Worth - GRAND PRAIRIE",
      450,
      null,
      "Louisiana",
      "New Orleans - NEW ORLEANS",
      525,
      null,
      "Oklahoma",
      "Tulsa - TULSA",
      630
    ],
    [
      "Texas",
      "El Paso - ANTHONY",
      600,
      null,
      "Louisiana",
      "New Orleans East-NEW ORLEANS",
      575
    ],
    [
      "Texas",
      "El Paso - EL PASO",
      600,
      null,
      "Louisiana",
      "Shreveport - GREENWOOD",
      475,
      null,
      "Tarifas Terrestres"
    ],
    [
      "Texas",
      "Fort Worth North - JUSTIN",
      470,
      null,
      "Louisiana",
      "Shreveport - SHREVEPORT",
      475,
      null,
      "Estado ",
      "Ciudad ",
      "Monto "
    ],
    [
      "Texas",
      "Ft. Worth - HASLET",
      430,
      null,
      null,
      null,
      null,
      null,
      "Nebraska",
      "Lincoln - GREENWOOD",
      990
    ],
    [
      "Texas",
      "Houston",
      250,
      null,
      "Tarifas Terrestres",
      null,
      null,
      null,
      "Nebraska",
      "Omaha - SPRINGFIELD",
      885
    ],
    [
      "Texas",
      "Houston East",
      250,
      null,
      "Estado ",
      "Ciudad ",
      "Monto "
    ],
    [
      "Texas",
      "Houston South - ROSHARON",
      260,
      null,
      "Missouri",
      "Bridgeton Sublot - BRIDGETON",
      845,
      null,
      "Tarifas Terrestres"
    ],
    [
      "Texas",
      "Houston-North - HOUSTON",
      250,
      null,
      "Missouri",
      "Columbia - COLUMBIA",
      850,
      null,
      "Estado ",
      "Ciudad ",
      "Monto "
    ],
    [
      "Texas",
      "Longview - LONGVIEW",
      425,
      null,
      "Missouri",
      "Kansas City, MO - ODESSA",
      850,
      null,
      "California",
      "Sacramento",
      2500
    ],
    [
      "Texas",
      "Lubbock - LUBBOCK",
      625,
      null,
      "Missouri",
      "Sikeston - SIKESTON",
      825,
      null,
      "California",
      "Martinez",
      2500
    ],
    [
      "Texas",
      "Lufkin - LUFKIN",
      425,
      null,
      "Missouri",
      "Springfield - ROGERSVILLE",
      850,
      null,
      "California",
      "East Bay",
      2500
    ],
    [
      "Texas",
      "McAllen - DONNA",
      450,
      null,
      "Missouri",
      "Springfield - SPRINGFIELD",
      850,
      null,
      "California",
      "San Bernardino",
      2500
    ],
    [
      "Texas",
      "McAllen - MERCEDES",
      450,
      null,
      "Missouri",
      "Springfield Sub Lot - SPRIGFIELD",
      900,
      null,
      "California",
      "Rancho Cucamonga",
      2500
    ],
    [
      "Texas",
      "Permian Basin - ODESSA",
      625,
      null,
      "Missouri",
      "St Louis, Mo - Dunn Sublot",
      875,
      null,
      "California",
      "Mentone",
      2500
    ],
    [
      "Texas",
      "San Antonio",
      350,
      null,
      "Missouri",
      "St. Louis - BRIDGETON",
      845,
      null,
      "California",
      "Riverside",
      2500
    ],
    [
      "Texas",
      "San Antonio-South - SAN ANTONIO",
      350
    ],
    [
      "Texas",
      "Waco - TEMPLE",
      400,
      null,
      "Tarifas Terrestres",
      null,
      null,
      null,
      "Tarifas Terrestres"
    ],
    [
      null,
      null,
      null,
      null,
      "Estado ",
      "Ciudad ",
      "Monto ",
      null,
      "Estado ",
      "Ciudad ",
      "Monto "
    ],
    [
      null,
      null,
      null,
      null,
      "Mississippi",
      "Jackson",
      950,
      null,
      "Oregon",
      "Portland",
      2800
    ],
    [
      "Tarifas Terrestres",
      null,
      null,
      null,
      "Mississippi",
      "GulfCoast",
      950,
      null,
      "Oregon",
      "Salem",
      2700
    ],
    [
      "Estado ",
      "Ciudad ",
      "Monto ",
      null,
      "Mississippi",
      "Hattieburg",
      950,
      null,
      "Oregon",
      "Eugene",
      2700
    ],
    [
      "Alabama",
      "Montgomery",
      850,
      null,
      "Mississippi",
      "Greanada",
      950,
      null,
      "Oregon",
      "Woodburn",
      2700
    ],
    [
      "Alabama",
      "Birmimham",
      850
    ],
    [
      "Alabama",
      "Mobile",
      800
    ],
    [
      "Alabama",
      "Tanner",
      850
    ],
    [
      "Alabama",
      "Dotham",
      850
    ],
    [
      "Alabama",
      "Huntsville",
      850
    ]
  ]
}